{
  "hash": "efd30c77",
  "browserHash": "3c875094",
  "optimized": {
    "@angular/common": {
      "src": "../../../../../node_modules/@angular/common/fesm2022/common.mjs",
      "file": "@angular_common.js",
      "fileHash": "e4414a6f",
      "needsInterop": false
    },
    "@angular/common/http": {
      "src": "../../../../../node_modules/@angular/common/fesm2022/http.mjs",
      "file": "@angular_common_http.js",
      "fileHash": "e3cd7edf",
      "needsInterop": false
    },
    "@angular/core": {
      "src": "../../../../../node_modules/@angular/core/fesm2022/core.mjs",
      "file": "@angular_core.js",
      "fileHash": "bf46a41c",
      "needsInterop": false
    },
    "@angular/forms": {
      "src": "../../../../../node_modules/@angular/forms/fesm2022/forms.mjs",
      "file": "@angular_forms.js",
      "fileHash": "011e0137",
      "needsInterop": false
    },
    "@angular/platform-browser": {
      "src": "../../../../../node_modules/@angular/platform-browser/fesm2022/platform-browser.mjs",
      "file": "@angular_platform-browser.js",
      "fileHash": "81d19c74",
      "needsInterop": false
    },
    "@angular/router": {
      "src": "../../../../../node_modules/@angular/router/fesm2022/router.mjs",
      "file": "@angular_router.js",
      "fileHash": "fb7c8765",
      "needsInterop": false
    }
  },
  "chunks": {
    "chunk-RVJY6LI4": {
      "file": "chunk-RVJY6LI4.js"
    },
    "chunk-CRCQPSCX": {
      "file": "chunk-CRCQPSCX.js"
    },
    "chunk-KGEAT5EH": {
      "file": "chunk-KGEAT5EH.js"
    },
    "chunk-THWPMT2E": {
      "file": "chunk-THWPMT2E.js"
    }
  }
}